Review,Sentiment,Suggestion/Not
It's super cool when the product has been arrived fast,positive,suggestion
It's super cool when the product has been arrived fast,positive,suggestion
It should ok when it is high quality,positive,suggestion
It's super cool when the product has been arrived fast,positive,suggestion
It  would be great when we get it in different colors,negative,suggestion
It's super cool when the product has been arrived fast,positive,suggestion
No suggestions,positive,No suggestion
It's super cool when the product has been arrived fast,positive,suggestion
No suggestions,positive,No suggestion
May be it's good when the warranty is increased,positive,suggestion
It's super cool when the product has been arrived fast,positive,suggestion
It's super cool when the product has been arrived fast,positive,suggestion
It's super cool when the product has been arrived fast,positive,suggestion
No suggestions,positive,No suggestion
May be it's good when the warranty is increased,positive,suggestion
May be it's good when the warranty is increased,neutral,suggestion
It's super cool when the product has been arrived fast,positive,suggestion
No suggestions,positive,No suggestion
It's super cool when the product has been arrived fast,positive,suggestion
No suggestions,positive,No suggestion
It's super cool when the product has been arrived fast,positive,suggestion
No suggestions,positive,No suggestion
It's super cool when the product has been arrived fast,positive,suggestion
It should ok when it is high quality,negative,suggestion
May be it's good when the warranty is increased,positive,suggestion
No suggestions,positive,No suggestion
It's super cool when the product has been arrived fast,positive,suggestion
No suggestions,positive,No suggestion
It's super cool when the product has been arrived fast,positive,suggestion
It's super cool when the product has been arrived fast,positive,suggestion
May be it's good when the warranty is increased,positive,suggestion
It's super cool when the product has been arrived fast,positive,suggestion
No suggestions,negative,No suggestion
It's super cool when the product has been arrived fast,positive,suggestion
No suggestions,positive,No suggestion
It's super cool when the product has been arrived fast,positive,suggestion
It's super cool when the product has been arrived fast,positive,suggestion
No suggestions,positive,No suggestion
It's super cool when the product has been arrived fast,positive,suggestion
It should ok when it is high quality,positive,suggestion
May be it's good when the warranty is increased,positive,suggestion
No suggestions,positive,No suggestion
It's super cool when the product has been arrived fast,positive,suggestion
It would be great when the other materials used in the product be good quality,negative,suggestion
It would be great when the other materials used in the product be good quality,negative,suggestion
It's super cool when the product has been arrived fast,negative,suggestion
It's just simply superb when I get more colors,positive,suggestion
It's super cool when the product has been arrived fast,positive,suggestion
It's just simply superb when I get more colors,positive,suggestion
It's super cool when the product has been arrived fast,positive,suggestion
It's just simply superb when I get more colors,positive,suggestion
It's just simply superb when I get more colors,positive,suggestion
May be it's good when the warranty is increased,positive,suggestion
May be it's good when the warranty is increased,positive,suggestion
No suggestions,positive,No suggestion
It's super cool when the product has been arrived fast,positive,suggestion
No suggestions,positive,No suggestion
It's super cool when the product has been arrived fast,positive,suggestion
It's super cool when the product has been arrived fast,positive,suggestion
No suggestions,neutral,No suggestion
It's super cool when the product has been arrived fast,positive,suggestion
No suggestions,positive,No suggestion
May be it's good when the warranty is increased,positive,suggestion
May be it's good when the warranty is increased,positive,suggestion
It's super cool when the product has been arrived fast,positive,suggestion
No suggestions,positive,No suggestion
No suggestions,positive,No suggestion
It's super cool when the product has been arrived fast,positive,suggestion
It's super cool when the product has been arrived fast,positive,suggestion
No suggestions,positive,No suggestion
It would be great when the other materials used in the product be good quality,negative,suggestion
It would be great when the other materials used in the product be good quality,negative,suggestion
May be it's good when the warranty is increased,positive,suggestion
It's super cool when the product has been arrived fast,positive,suggestion
It should ok when it is high quality,positive,suggestion
May be it's good when the warranty is increased,positive,suggestion
It should ok when it is high quality,positive,suggestion
May be it's good when the warranty is increased,positive,suggestion
May be it's good when the warranty is increased,positive,suggestion
It's super cool when the product has been arrived fast,positive,suggestion
It  would be great when we get it in different colors,negative,suggestion
It's super cool when the product has been arrived fast,positive,suggestion
It should ok when it is high quality,neutral,suggestion
It's super cool when the product has been arrived fast,positive,suggestion
It would be great when the other materials used in the product be good quality,negative,suggestion
No suggestions,positive,No suggestion
It should ok when it is high quality,positive,suggestion
No suggestions,positive,No suggestion
It's super cool when the product has been arrived fast,positive,suggestion
It's super cool when the product has been arrived fast,positive,suggestion
No suggestions,positive,No suggestion
No suggestions,positive,No suggestion
May be it's good when the warranty is increased,positive,suggestion
It's super cool when the product has been arrived fast,positive,suggestion
It's super cool when the product has been arrived fast,positive,suggestion
No suggestions,positive,No suggestion
May be it's good when the warranty is increased,positive,suggestion
It should ok when it is high quality,positive,suggestion
May be it's good when the warranty is increased,neutral,suggestion
It would be great when the other materials used in the product be good quality,negative,suggestion
It's super cool when the product has been arrived fast,positive,suggestion
It's super cool when the product has been arrived fast,positive,suggestion
May be it's good when the warranty is increased,positive,suggestion
It's super cool when the product has been arrived fast,positive,suggestion
It's super cool when the product has been arrived fast,positive,suggestion
It's just simply superb when I get more colors,positive,suggestion
It's super cool when the product has been arrived fast,positive,suggestion
It's just simply superb when I get more colors,positive,suggestion
It's super cool when the product has been arrived fast,positive,suggestion
It should ok when it is high quality,positive,suggestion
It's super cool when the product has been arrived fast,positive,suggestion
 May be it's good when the warranty os increased,positive,suggestion
 May be it's good when the warranty os increased,neutral,suggestion
No suggestions,positive,No suggestion
It would be great when the other materials used in the product be good quality,negative,suggestion
It's super cool when the product has been arrived fast,positive,suggestion
It's super cool when the product has been arrived fast,positive,suggestion
It's super cool when the product has been arrived fast,positive,suggestion
It would be great when the other materials used in the product be good quality,negative,suggestion
No suggestions,positive,No suggestion
It should ok when it is high quality,positive,suggestion
It's super cool when the product has been arrived fast,positive,suggestion
It's super cool when the product has been arrived fast,positive,suggestion
It's super cool when the product has been arrived fast,positive,suggestion
No suggestions,positive,No suggestion
May be it's good when the warranty is increased,negative,suggestion
It's super cool when the product has been arrived fast,positive,suggestion
It would be great when the other materials used in the product be good quality,negative,suggestion
No suggestions,positive,No suggestion
May be it's good when the warranty is increased,positive,suggestion
May be it's good when the warranty is increased,neutral,suggestion
It's super cool when the product has been arrived fast,neutral,suggestion
It's super cool when the product has been arrived fast,positive,suggestion
It would be great when the other materials used in the product be good quality,negative,suggestion
It's super cool when the product has been arrived fast,positive,suggestion
It's super cool when the product has been arrived fast,positive,suggestion
It's super cool when the product has been arrived fast,neutral,suggestion
It's super cool when the product has been arrived fast,positive,suggestion
No suggestions,positive,No suggestion
No suggestions,positive,No suggestion
It  would be great when we get it in different colors,neutral,suggestion
It's super cool when the product has been arrived fast,positive,suggestion
It  would be great when we get it in different colors,negative,suggestion
It's just simply superb when I get more colors,positive,suggestion
It's super cool when the product has been arrived fast,positive,suggestion
It's just simply superb when I get more colors,positive,suggestion
It's super cool when the product has been arrived fast,positive,suggestion
It's just simply superb when I get more colors,positive,suggestion
It should ok when it is high quality,positive,suggestion
No suggestions,positive,No suggestion
May be it's good when the warranty is increased,positive,suggestion
It's just simply superb when I get more colors,positive,suggestion
It's just simply superb when I get more colors,positive,suggestion
It should ok when it is high quality,neutral,suggestion
It's super cool when the product has been arrived fast,positive,suggestion
It's just simply superb when I get more colors,positive,suggestion
It's super cool when the product has been arrived fast,positive,suggestion
It's super cool when the product has been arrived fast,positive,suggestion
It's just simply superb when I get more colors,positive,suggestion
May be it's good when the warranty is increased,positive,suggestion
It's super cool when the product has been arrived fast,positive,suggestion
It's super cool when the product has been arrived fast,positive,suggestion
It's just simply superb when I get more colors,positive,suggestion
It should ok when it is high quality,neutral,suggestion
It's super cool when the product has been arrived fast,positive,suggestion
No suggestions,positive,No suggestion
May be it's good when the warranty is increased,positive,suggestion
May be it's good when the warranty is increased,positive,suggestion
May be it's good when the warranty is increased,positive,suggestion
It's super cool when the product has been arrived fast,positive,suggestion
It would be great when the other materials used in the product be good quality,negative,suggestion
No suggestions,positive,No suggestion
It would be great when the other materials used in the product be good quality,negative,suggestion
No suggestions,neutral,No suggestion
It's super cool when the product has been arrived fast,positive,suggestion
It's super cool when the product has been arrived fast,positive,suggestion
No suggestions,positive,No suggestion
It's super cool when the product has been arrived fast,positive,suggestion
No suggestions,positive,No suggestion
It would be great when the other materials used in the product be good quality,neutral,suggestion
No suggestions,neutral,No suggestion
It's just simply superb when I get more colors,positive,suggestion
It  would be great when we get it in different colors,negative,suggestion
May be it's good when the warranty is increased,neutral,suggestion
It's just simply superb when I get more colors,positive,suggestion
May be it's good when the warranty is increased,positive,suggestion
It's just simply superb when I get more colors,positive,suggestion
No suggestions,positive,No suggestion
No suggestions,positive,No suggestion
May be it's good when the warranty is increased,positive,suggestion
It's just simply superb when I get more colors,positive,suggestion
It would be great when the other materials used in the product be good quality,negative,suggestion
It would be great when the other materials used in the product be good quality,negative,suggestion
No suggestions,neutral,No suggestion
It's just simply superb when I get more colors,positive,suggestion
It would be great when the other materials used in the product be good quality,negative,suggestion
It would be great when the other materials used in the product be good quality,negative,suggestion
No suggestions,positive,No suggestion
No suggestions,positive,No suggestion
It should ok when it is high quality,positive,suggestion
May be it's good when the warranty is increased,positive,suggestion
May be it's good when the warranty is increased,positive,suggestion
It's just simply superb when I get more colors,positive,suggestion
It would be great when the other materials used in the product be good quality,negative,suggestion
It  would be great when we get it in different colors,positive,suggestion
It's just simply superb when I get more colors,positive,suggestion
It's just simply superb when I get more colors,positive,suggestion
May be it's good when the warranty is increased,positive,suggestion
It's just simply superb when I get more colors,positive,suggestion
It's just simply superb when I get more colors,positive,suggestion
It should ok when it is high quality,positive,suggestion
May be it's good when the warranty is increased,positive,suggestion
It would be great when the other materials used in the product be good quality,negative,suggestion
It's just simply superb when I get more colors,positive,suggestion
It's just simply superb when I get more colors,positive,suggestion
It should ok when it is high quality,positive,suggestion
May be it's good when the warranty is increased,positive,suggestion
It's just simply superb when I get more colors,positive,suggestion
It's super cool when the product has been arrived fast,positive,suggestion
It's just simply superb when I get more colors,positive,suggestion
It's just simply superb when I get more colors,positive,suggestion
It's super cool when the product has been arrived fast,positive,suggestion
It's just simply superb when I get more colors,positive,suggestion
It's just simply superb when I get more colors,positive,suggestion
It's super cool when the product has been arrived fast,positive,suggestion
It's just simply superb when I get more colors,positive,suggestion
It's just simply superb when I get more colors,positive,suggestion
It's super cool when the product has been arrived fast,positive,suggestion
May be it's good when the warranty is increased,positive,suggestion
It would be great when the other materials used in the product be good quality,negative,suggestion
May be it's good when the warranty is increased,positive,suggestion
It should ok when it is high quality,neutral,suggestion
It's super cool when the product has been arrived fast,positive,suggestion
It's super cool when the product has been arrived fast,positive,suggestion
,positive,suggestion
It's super cool when the product has been arrived fast,positive,suggestion
May be it's good when the warranty is increased,positive,suggestion
It should ok when it is high quality,positive,suggestion
It would be great when the other materials used in the product be good quality,positive,suggestion
It's super cool when the product has been arrived fast,positive,suggestion
It's super cool when the product has been arrived fast,positive,suggestion
It would be great when the other materials used in the product be good quality,negative,suggestion
It would be great when the other materials used in the product be good quality,negative,suggestion
May be it's good when the warranty is increased,positive,suggestion
It's super cool when the product has been arrived fast,positive,suggestion
It would be great when the other materials used in the product be good quality,negative,suggestion
It's super cool when the product has been arrived fast,positive,suggestion
It's super cool when the product has been arrived fast,positive,suggestion
It's super cool when the product has been arrived fast,positive,suggestion
May be it's good when the warranty is increased,positive,suggestion
It's super cool when the product has been arrived fast,positive,suggestion
It's super cool when the product has been arrived fast,positive,suggestion
It  would be great when we get it in different colors,neutral,suggestion
May be it's good when the warranty is increased,positive,suggestion
May be it's good when the warranty is increased,positive,suggestion
It's super cool when the product has been arrived fast,positive,suggestion
May be it's good when the warranty is increased,positive,suggestion
It's super cool when the product has been arrived fast,positive,suggestion
It should ok when it is high quality,positive,suggestion
It  would be great when we get it in different colors,negative,suggestion
It would be great when the other materials used in the product be good quality,negative,suggestion
It  would be great when we get it in different colors,negative,suggestion
May be it's good when the warranty is increased,positive,suggestion
May be it's good when the warranty is increased,positive,suggestion
It  would be great when we get it in different colors,negative,suggestion
It's super cool when the product has been arrived fast,positive,suggestion
It would be great when the other materials used in the product be good quality,negative,suggestion
It's super cool when the product has been arrived fast,positive,suggestion
It's super cool when the product has been arrived fast,positive,suggestion
It would be great when the other materials used in the product be good quality,negative,suggestion
It's super cool when the product has been arrived fast,positive,suggestion
May be it's good when the warranty is increased,positive,suggestion
It's super cool when the product has been arrived fast,positive,suggestion
It should ok when it is high quality,positive,suggestion
May be it's good when the warranty is increased,positive,suggestion
It's super cool when the product has been arrived fast,positive,suggestion
May be it's good when the warranty is increased,neutral,suggestion
May be it's good when the warranty is increased,positive,suggestion
No suggestions,positive,No suggestion
May be it's good when the warranty is increased,positive,suggestion
May be it's good when the warranty is increased,positive,suggestion
No suggestions,positive,No suggestion
May be it's good when the warranty is increased,positive,suggestion
It  would be great when we get it in different colors,negative,suggestion
No suggestions,positive,No suggestion
It's super cool when the product has been arrived fast,positive,suggestion
No suggestions,positive,No suggestion
It would be great when the other materials used in the product be good quality,negative,suggestion
It's super cool when the product has been arrived fast,positive,suggestion
It's super cool when the product has been arrived fast,positive,suggestion
May be it's good when the warranty is increased,positive,suggestion
May be it's good when the warranty is increased,positive,suggestion
It's super cool when the product has been arrived fast,positive,suggestion
It should ok when it is high quality,positive,suggestion
It would be great when the other materials used in the product be good quality,negative,suggestion
It would be great when the other materials used in the product be good quality,negative,suggestion
It would be great when the other materials used in the product be good quality,negative,suggestion
No suggestions,positive,No suggestion
May be it's good when the warranty is increased,positive,suggestion
May be it's good when the warranty is increased,positive,suggestion
It's super cool when the product has been arrived fast,positive,suggestion
It  would be great when we get it in different colors,neutral,suggestion
It would be great when the other materials used in the product be good quality,negative,suggestion
May be it's good when the warranty is increased,negative,suggestion
It would be great when the other materials used in the product be good quality,negative,suggestion
It would be great when the other materials used in the product be good quality,negative,suggestion
It's super cool when the product has been arrived fast,positive,suggestion
No suggestions,positive,No suggestion
It's super cool when the product has been arrived fast,positive,suggestion
It would be great when the other materials used in the product be good quality,negative,suggestion
It would be great when the other materials used in the product be good quality,negative,suggestion
It would be great when the other materials used in the product be good quality,positive,suggestion
May be it's good when the warranty is increased,positive,suggestion
It's super cool when the product has been arrived fast,positive,suggestion
It's super cool when the product has been arrived fast,positive,suggestion
It's just simply superb when I get more colors,positive,suggestion
It's super cool when the product has been arrived fast,positive,suggestion
No suggestions,positive,No suggestion
It's super cool when the product has been arrived fast,positive,suggestion
May be it's good when the warranty is increased,positive,suggestion
May be it's good when the warranty is increased,neutral,suggestion
May be it's good when the warranty is increased,positive,suggestion
No suggestions,positive,No suggestion
It's super cool when the product has been arrived fast,positive,suggestion
It would be great when the other materials used in the product be good quality,positive,suggestion
It's super cool when the product has been arrived fast,positive,suggestion
May be it's good when the warranty is increased,positive,suggestion
It should ok when it is high quality,positive,suggestion
May be it's good when the warranty is increased,positive,suggestion
It's super cool when the product has been arrived fast,positive,suggestion
May be it's good when the warranty is increased,positive,suggestion
No suggestions,positive,No suggestion
No suggestions,positive,No suggestion
It's super cool when the product has been arrived fast,positive,suggestion
May be it's good when the warranty is increased,positive,suggestion
No suggestions,positive,No suggestion
It's super cool when the product has been arrived fast,positive,suggestion
No suggestions,positive,No suggestion
It would be great when the other materials used in the product be good quality,negative,suggestion
It's super cool when the product has been arrived fast,positive,suggestion
It's super cool when the product has been arrived fast,positive,suggestion
It's just simply superb when I get more colors,positive,suggestion
It's super cool when the product has been arrived fast,positive,suggestion
It's just simply superb when I get more colors,positive,suggestion
It's super cool when the product has been arrived fast,positive,suggestion
It's super cool when the product has been arrived fast,positive,suggestion
It should ok when it is high quality,positive,suggestion
It's just simply superb when I get more colors,positive,suggestion
It's super cool when the product has been arrived fast,positive,suggestion
It's just simply superb when I get more colors,positive,suggestion
May be it's good when the warranty is increased,positive,suggestion
No suggestions,positive,No suggestion
It should ok when it is high quality,positive,suggestion
It's just simply superb when I get more colors,positive,suggestion
It's super cool when the product has been arrived fast,positive,suggestion
May be it's good when the warranty is increased,positive,suggestion
May be it's good when the warranty is increased,positive,suggestion
It's super cool when the product has been arrived fast,positive,suggestion
It's just simply superb when I get more colors,positive,suggestion
It's just simply superb when I get more colors,positive,suggestion
It's super cool when the product has been arrived fast,positive,suggestion
It should ok when it is high quality,positive,suggestion
It's super cool when the product has been arrived fast,positive,suggestion
It's just simply superb when I get more colors,positive,suggestion
It's just simply superb when I get more colors,positive,suggestion
May be it's good when the warranty is increased,positive,suggestion
It's just simply superb when I get more colors,positive,suggestion
May be it's good when the warranty is increased,positive,suggestion
May be it's good when the warranty is increased,positive,suggestion
It's just simply superb when I get more colors,positive,suggestion
No suggestions,positive,No suggestion
May be it's good when the warranty is increased,positive,suggestion
It should ok when it is high quality,neutral,suggestion
No suggestions,positive,No suggestion
super!,positive,No suggestion
awesome,positive,No suggestion
fair,positive,No suggestion
useless product,negative,No suggestion
fair,neutral,No suggestion
awesome,positive,No suggestion
highly recommended,positive,No suggestion
nice,positive,No suggestion
unsatisfactory,negative,No suggestion
worth the money,positive,No suggestion
great product,positive,No suggestion
mind-blowing purchase,positive,No suggestion
highly recommended,positive,No suggestion
brilliant,positive,No suggestion
classy product,positive,No suggestion
must buy!,positive,No suggestion
fabulous!,positive,No suggestion
worth every penny,positive,No suggestion
super!,positive,No suggestion
great product,positive,No suggestion
awesome,positive,No suggestion
worth every penny,positive,No suggestion
just wow!,positive,No suggestion
awesome,positive,No suggestion
terrific purchase,positive,No suggestion
excellent,positive,No suggestion
worth every penny,positive,No suggestion
terrific,positive,No suggestion
awesome,positive,No suggestion
simply awesome,positive,No suggestion
wonderful,positive,No suggestion
terrific,positive,No suggestion
expected a better product,negative,No suggestion
excellent,positive,No suggestion
terrific purchase,positive,No suggestion
wonderful,positive,No suggestion
wonderful,positive,No suggestion
good quality product,positive,No suggestion
awesome,positive,No suggestion
excellent,positive,No suggestion
great product,positive,No suggestion
highly recommended,positive,No suggestion
awesome,positive,No suggestion
decent product,positive,No suggestion
fabulous!,positive,No suggestion
very satisfactory,positive,No suggestion
good quality product,positive,No suggestion
mind-blowing purchase,positive,No suggestion
waste of money!,negative,No suggestion
must buy!,positive,No suggestion
good not best,positive,No suggestion
must buy!,positive,No suggestion
does the job,positive,No suggestion
nice,negative,No suggestion
worth the money,positive,No suggestion
pretty good,positive,No suggestion
good cooler,positive,No suggestion
wonderful,positive,No suggestion
wonderful,positive,No suggestion
worthless,positive,No suggestion
great product,positive,No suggestion
great product,positive,No suggestion
must buy!,positive,No suggestion
good quality product,positive,No suggestion
decent product,positive,No suggestion
brilliant,positive,No suggestion
super!,positive,No suggestion
worst experience ever!,negative,No suggestion
perfect product!,positive,No suggestion
wonderful,positive,No suggestion
simply awesome,positive,No suggestion
nice product,positive,No suggestion
worth the money,positive,No suggestion
useless product,positive,No suggestion
excellent,positive,No suggestion
"like an assembled, one can get for 4.5k cheap quality",negative,No suggestion
simply awesome,positive,No suggestion
great product,positive,No suggestion
wonderful,positive,No suggestion
wonderful,positive,No suggestion
not good,negative,No suggestion
very good,positive,No suggestion
super!,positive,No suggestion
terrific purchase,positive,No suggestion
slightly disappointed,negative,No suggestion
good quality product,positive,No suggestion
expected a better product,positive,No suggestion
horrible,negative,No suggestion
nice,positive,No suggestion
good quality product,positive,No suggestion
simply awesome,positive,No suggestion
mind-blowing purchase,positive,No suggestion
highly recommended,positive,No suggestion
fabulous!,positive,No suggestion
brilliant,positive,No suggestion
great product,positive,No suggestion
highly recommended,positive,No suggestion
must buy!,positive,No suggestion
terrific purchase,positive,No suggestion
very poor,negative,No suggestion
mind-blowing purchase,positive,No suggestion
terrific purchase,positive,No suggestion
good quality product,positive,No suggestion
wonderful,positive,No suggestion
useless product,negative,No suggestion
terrific purchase,positive,No suggestion
simply awesome,positive,No suggestion
unsatisfactory,negative,No suggestion
really nice,positive,No suggestion
unsatisfactory,negative,No suggestion
best in the market!,positive,No suggestion
highly recommended,positive,No suggestion
classy product,positive,No suggestion
good quality product,positive,No suggestion
best in the market!,positive,No suggestion
good quality product,positive,No suggestion
brilliant,positive,No suggestion
absolute rubbish!,negative,No suggestion
terrific,positive,No suggestion
terrific purchase,positive,No suggestion
just okay,negative,No suggestion
nice product,positive,No suggestion
good quality product,positive,No suggestion
perfect product!,negative,No suggestion
must buy!,positive,No suggestion
perfect product!,positive,No suggestion
bad quality,positive,No suggestion
mind-blowing purchase,positive,No suggestion
worth the money,positive,No suggestion
worst experience ever!,neutral,No suggestion
really nice,positive,No suggestion
fabulous!,positive,No suggestion
highly recommended,positive,No suggestion
fabulous!,positive,No suggestion
good quality product,positive,No suggestion
great product,positive,No suggestion
really nice,positive,No suggestion
wonderful,positive,No suggestion
just wow!,positive,No suggestion
good quality product,positive,No suggestion
just okay,negative,No suggestion
super!,positive,No suggestion
nice,positive,No suggestion
fabulous!,positive,No suggestion
worthless,negative,No suggestion
worth every penny,positive,No suggestion
worth the money,positive,No suggestion
absolute rubbish!,positive,No suggestion
super!,positive,No suggestion
very good,positive,No suggestion
really nice,positive,No suggestion
just okay,neutral,No suggestion
terrific purchase,positive,No suggestion
mind-blowing purchase,positive,No suggestion
highly recommended,positive,No suggestion
very poor,negative,No suggestion
mind-blowing purchase,positive,No suggestion
terrific purchase,positive,No suggestion
best in the market!,positive,No suggestion
excellent,positive,No suggestion
delightful,positive,No suggestion
wonderful,positive,No suggestion
great product,positive,No suggestion
worst experience ever!,positive,No suggestion
terrific,positive,No suggestion
value-for-money,positive,No suggestion
fabulous!,positive,No suggestion
good choice,positive,No suggestion
must buy!,positive,No suggestion
good quality product,positive,No suggestion
wonderful,positive,No suggestion
very good,positive,No suggestion
excellent,positive,No suggestion
very poor,negative,No suggestion
mind-blowing purchase,positive,No suggestion
classy product,positive,No suggestion
wonderful,positive,No suggestion
worst experience ever!,negative,No suggestion
just wow!,positive,No suggestion
nice,negative,No suggestion
absolute rubbish!,negative,No suggestion
decent product,neutral,No suggestion
mind-blowing purchase,positive,No suggestion
hated it!,negative,No suggestion
useless product,positive,No suggestion
wonderful,positive,No suggestion
awesome,positive,No suggestion
super!,positive,No suggestion
good quality product,positive,No suggestion
fair,neutral,No suggestion
worth the money,positive,No suggestion
good choice,positive,No suggestion
good,positive,No suggestion
simply awesome,positive,No suggestion
value-for-money,positive,No suggestion
absolute rubbish!,negative,No suggestion
unsatisfactory,negative,No suggestion
good quality product,positive,No suggestion
mind-blowing purchase,positive,No suggestion
awesome,positive,No suggestion
terrific,positive,No suggestion
nice,negative,No suggestion
wonderful,positive,No suggestion
terrible product,neutral,No suggestion
super!,positive,No suggestion
best in the market!,positive,No suggestion
good choice,positive,No suggestion
terrific purchase,positive,No suggestion
super!,positive,No suggestion
good choice,positive,No suggestion
best in the market!,positive,No suggestion
not recommended at all,negative,No suggestion
awesome,positive,No suggestion
terrific,positive,No suggestion
delightful,positive,No suggestion
very good,positive,No suggestion
perfect product!,positive,No suggestion
perfect product!,positive,No suggestion
super!,positive,No suggestion
hated it!,negative,No suggestion
decent product,neutral,No suggestion
terrific,positive,No suggestion
excellent,positive,No suggestion
terrific,positive,No suggestion
simply awesome,positive,No suggestion
brilliant,positive,No suggestion
classy product,positive,No suggestion
wonderful,positive,No suggestion
best in the market!,positive,No suggestion
best in the market!,positive,No suggestion
best in the market!,positive,No suggestion
did not meet expectations,negative,No suggestion
wonderful,positive,No suggestion
classy product,positive,No suggestion
just wow!,positive,No suggestion
terrific,positive,No suggestion
very good,positive,No suggestion
fabulous!,positive,No suggestion
simply awesome,positive,No suggestion
delightful,positive,No suggestion
value-for-money,positive,No suggestion
very poor,negative,No suggestion
nice product,positive,No suggestion
terrific,positive,No suggestion
value-for-money,positive,No suggestion
wonderful,positive,No suggestion
decent product,positive,No suggestion
must buy!,positive,No suggestion
mind-blowing purchase,positive,No suggestion
super!,positive,No suggestion
highly recommended,positive,No suggestion
super!,positive,No suggestion
excellent,positive,No suggestion
good,positive,No suggestion
horrible,negative,No suggestion
fabulous!,positive,No suggestion
perfect product!,positive,No suggestion
decent product,negative,No suggestion
badly disappointed,negative,No suggestion
fabulous!,positive,No suggestion
good,neutral,No suggestion
perfect product!,positive,No suggestion
terrible product,negative,No suggestion
unsatisfactory,negative,No suggestion
fabulous!,positive,No suggestion
just wow!,positive,No suggestion
highly recommended,positive,No suggestion
good quality product,positive,No suggestion
just okay,negative,No suggestion
excellent,positive,No suggestion
mind-blowing purchase,neutral,No suggestion
value-for-money,positive,No suggestion
worth every penny,positive,No suggestion
brilliant,positive,No suggestion
wonderful,positive,No suggestion
terrific purchase,positive,No suggestion
unsatisfactory,positive,No suggestion
value-for-money,positive,No suggestion
not good,negative,No suggestion
excellent,positive,No suggestion
nice,positive,No suggestion
just wow!,positive,No suggestion
wonderful,positive,No suggestion
brilliant,positive,No suggestion
best in the market!,positive,No suggestion
very good,positive,No suggestion
worth the money,positive,No suggestion
must buy!,positive,No suggestion
wonderful,positive,No suggestion
utterly disappointed,negative,No suggestion
really nice,positive,No suggestion
mind-blowing purchase,positive,No suggestion
pretty good,positive,No suggestion
awesome,positive,No suggestion
terrible product,negative,No suggestion
does the job,negative,No suggestion
excellent,positive,No suggestion
decent product,negative,No suggestion
did not meet expectations,negative,No suggestion
absolute rubbish!,negative,No suggestion
very good,positive,No suggestion
good quality product,positive,No suggestion
does the job,negative,No suggestion
nice,negative,No suggestion
worth the money,positive,No suggestion
worth the money,positive,No suggestion
perfect product!,positive,No suggestion
value-for-money,positive,No suggestion
pretty good,positive,No suggestion
excellent,positive,No suggestion
best in the market!,positive,No suggestion
not good,positive,No suggestion
excellent,positive,No suggestion
super!,positive,No suggestion
perfect product!,positive,No suggestion
delightful,positive,No suggestion
moderate,negative,No suggestion
very poor,negative,No suggestion
horrible,negative,No suggestion
perfect product!,positive,No suggestion
super!,positive,No suggestion
worth every penny,positive,No suggestion
fabulous!,positive,No suggestion
wonderful,neutral,No suggestion
best in the market!,positive,No suggestion
wonderful,positive,No suggestion
absolute rubbish!,positive,No suggestion
mind-blowing purchase,positive,No suggestion
nice product,positive,No suggestion
simply awesome,positive,No suggestion
really nice,positive,No suggestion
delightful,positive,No suggestion
super!,positive,No suggestion
really nice,neutral,No suggestion
wonderful,positive,No suggestion
best in the market!,positive,No suggestion
terrific purchase,positive,No suggestion
fabulous!,positive,No suggestion
fabulous!,positive,No suggestion
delightful,positive,No suggestion
excellent,positive,No suggestion
worth every penny,positive,No suggestion
brilliant,positive,No suggestion
terrific purchase,positive,No suggestion
just okay,negative,No suggestion
excellent,positive,No suggestion
horrible,negative,No suggestion
bad quality,positive,No suggestion
excellent,positive,No suggestion
value-for-money,positive,No suggestion
good,positive,No suggestion
must buy!,positive,No suggestion
really nice,neutral,No suggestion
classy product,positive,No suggestion
perfect product!,positive,No suggestion
perfect product!,positive,No suggestion
worth every penny,positive,No suggestion
worth every penny,positive,No suggestion
worth the money,positive,No suggestion
value-for-money,negative,No suggestion
just wow!,positive,No suggestion
pretty good,positive,No suggestion
fabulous!,positive,No suggestion
good quality product,positive,No suggestion
worth every penny,positive,No suggestion
nice,positive,No suggestion
delightful,positive,No suggestion
mind-blowing purchase,positive,No suggestion
good,positive,No suggestion
best in the market!,positive,No suggestion
terrible product,negative,No suggestion
must buy!,positive,No suggestion
fabulous!,positive,No suggestion
classy product,positive,No suggestion
terrific purchase,positive,No suggestion
good quality product,positive,No suggestion
best product and best buy,positive,No suggestion
utterly disappointed,negative,No suggestion
classy product,positive,No suggestion
mind-blowing purchase,positive,No suggestion
pretty good,positive,No suggestion
simply awesome,positive,No suggestion
highly recommended,positive,No suggestion
classy product,positive,No suggestion
just wow!,positive,No suggestion
must buy!,positive,No suggestion
excellent,positive,No suggestion
worth every penny,positive,No suggestion
super!,positive,No suggestion
awesome,positive,No suggestion
must buy!,positive,No suggestion
good quality product,positive,No suggestion
classy product,positive,No suggestion
wonderful,positive,No suggestion
just wow!,positive,No suggestion
classy product,negative,No suggestion
good choice,positive,No suggestion
fair,positive,No suggestion
wonderful,positive,No suggestion
fabulous!,positive,No suggestion
very good,positive,No suggestion
pretty good,positive,No suggestion
perfect product!,positive,No suggestion
nice product,positive,No suggestion
very good,positive,No suggestion
worth every penny,positive,No suggestion
not recommended at all,negative,No suggestion
pretty good,positive,No suggestion
just okay,positive,No suggestion
terrific purchase,positive,No suggestion
good choice,positive,No suggestion
brilliant,positive,No suggestion
hated it!,negative,No suggestion
classy product,positive,No suggestion
worth every penny,positive,No suggestion
worth the money,positive,No suggestion
value-for-money,positive,No suggestion
highly recommended,positive,No suggestion
good,neutral,No suggestion
very poor,positive,No suggestion
not recommended at all,negative,No suggestion
simply awesome,positive,No suggestion
just wow!,positive,No suggestion
good quality product,positive,No suggestion
worth every penny,positive,No suggestion
just wow!,positive,No suggestion
very good,positive,No suggestion
worth the money,positive,No suggestion
terrific,positive,No suggestion
must buy!,positive,No suggestion
terrific purchase,positive,No suggestion
super!,positive,No suggestion
excellent,positive,No suggestion
really nice,positive,No suggestion
mind-blowing purchase,positive,No suggestion
simply awesome,positive,No suggestion
wonderful,neutral,No suggestion
just wow!,positive,No suggestion
don't waste your money,positive,No suggestion
wonderful,positive,No suggestion
great product,positive,No suggestion
brilliant,positive,No suggestion
excellent,positive,No suggestion
terrific purchase,positive,No suggestion
worth the money,positive,No suggestion
just okay,positive,No suggestion
bad quality,neutral,No suggestion
brilliant,positive,No suggestion
good,neutral,No suggestion
worth the money,positive,No suggestion
value-for-money,positive,No suggestion
perfect product!,positive,No suggestion
perfect product!,positive,No suggestion
value-for-money,positive,No suggestion
best in the market!,positive,No suggestion
simply awesome,positive,No suggestion
just wow!,positive,No suggestion
good,positive,No suggestion
worth every penny,positive,No suggestion
great product,positive,No suggestion
highly recommended,positive,No suggestion
nice product,positive,No suggestion
just wow!,positive,No suggestion
mind-blowing purchase,positive,No suggestion
excellent,positive,No suggestion
highly recommended,positive,No suggestion
brilliant,positive,No suggestion
worth every penny,positive,No suggestion
utterly disappointed,negative,No suggestion
brilliant,negative,No suggestion
classy product,positive,No suggestion
very good,positive,No suggestion
best in the market!,positive,No suggestion
delightful,positive,No suggestion
must buy!,positive,No suggestion
must buy!,positive,No suggestion
expected a better product,neutral,No suggestion
excellent,positive,No suggestion
just wow!,positive,No suggestion
good quality product,positive,No suggestion
must buy!,positive,No suggestion
classy product,positive,No suggestion
excellent,positive,No suggestion
worth the money,positive,No suggestion
nice product,positive,No suggestion
awesome,positive,No suggestion
terrific purchase,positive,No suggestion
wonderful,positive,No suggestion
awesome,positive,No suggestion
nice product,positive,No suggestion
must buy!,positive,No suggestion
worth every penny,positive,No suggestion
good quality product,positive,No suggestion
wonderful,positive,No suggestion
just okay,positive,No suggestion
super!,positive,No suggestion
good choice,positive,No suggestion
fabulous!,positive,No suggestion
moderate,neutral,No suggestion
perfect product!,positive,No suggestion
perfect product!,positive,No suggestion
good quality product,positive,No suggestion
value-for-money,positive,No suggestion
worth the money,positive,No suggestion
perfect product!,positive,No suggestion
bad quality,negative,No suggestion
good,positive,No suggestion
terrific,positive,No suggestion
worth every penny,positive,No suggestion
simply awesome,positive,No suggestion
simply awesome,positive,No suggestion
awesome,positive,No suggestion
brilliant,positive,No suggestion
product is good but huge in size,positive,No suggestion
highly recommended,positive,No suggestion
horrible,negative,No suggestion
great product,positive,No suggestion
mind-blowing purchase,positive,No suggestion
fabulous!,positive,No suggestion
simply awesome,positive,No suggestion
highly recommended,positive,No suggestion
not recommended at all,positive,No suggestion
not recommended at all,negative,No suggestion
perfect product!,positive,No suggestion
wonderful,positive,No suggestion
fair,negative,No suggestion
fair,neutral,No suggestion
excellent,positive,No suggestion
good choice,positive,No suggestion
highly recommended,positive,No suggestion
super!,positive,No suggestion
value-for-money,positive,No suggestion
must buy!,positive,No suggestion
simply awesome,positive,No suggestion
great product,neutral,No suggestion
very poor,negative,No suggestion
good,neutral,No suggestion
nice,positive,No suggestion
classy product,positive,No suggestion
must buy!,positive,No suggestion
brilliant,positive,No suggestion
perfect product!,positive,No suggestion
utterly disappointed,negative,No suggestion
terrific purchase,positive,No suggestion
terrific,negative,No suggestion
great product,positive,No suggestion
delightful,positive,No suggestion
bad quality,negative,No suggestion
moderate,negative,No suggestion
really nice,positive,No suggestion
wonderful,positive,No suggestion
delightful,positive,No suggestion
awesome,positive,No suggestion
don't waste your money,negative,No suggestion
simply awesome,positive,No suggestion
very good,negative,No suggestion
utterly disappointed,negative,No suggestion
awesome,positive,No suggestion
pretty good,positive,No suggestion
must buy!,positive,No suggestion
nice,neutral,No suggestion
pretty good,positive,No suggestion
classy product,positive,No suggestion
great product,positive,No suggestion
worth the money,positive,No suggestion
fair,neutral,No suggestion
just okay,neutral,No suggestion
terrible product,negative,No suggestion
very good,positive,No suggestion
terrific purchase,positive,No suggestion
terrific,positive,No suggestion
awesome,positive,No suggestion
terrific,positive,No suggestion
nice,positive,No suggestion
good choice,positive,No suggestion
best in the market!,positive,No suggestion
super!,positive,No suggestion
best in the market!,positive,No suggestion
simply awesome,positive,No suggestion
terrific purchase,positive,No suggestion
really nice,positive,No suggestion
good quality product,positive,No suggestion
delightful,positive,No suggestion
don't waste your money,negative,No suggestion
good choice,positive,No suggestion
awesome,positive,No suggestion
value-for-money,positive,No suggestion
good choice,positive,No suggestion
just wow!,positive,No suggestion
decent product,positive,No suggestion
simply awesome,positive,No suggestion
very good,positive,No suggestion
must buy!,positive,No suggestion
perfect product!,positive,No suggestion
terrific,positive,No suggestion
great product,positive,No suggestion
nice product,positive,No suggestion
You should send an email.,,suggestion
You shouldn’t go by train.,,suggestion
We could meet at the weekend.,,suggestion
You could eat out tonight.,,suggestion
You should try a new restaurant in town.,,suggestion
How about taking a vacation to the beach?,,suggestion
It would be nice if you could call your parents more often.,,suggestion
Have you considered joining a gym to stay fit?,,suggestion
Why don't you try learning a musical instrument?,,suggestion
"You should read the book ""To Kill a Mockingbird.""",,suggestion
It would be great if you could start saving money for the future.,,suggestion
How about trying a new recipe for dinner tonight?,,suggestion
You should apply for that job opportunity.,,suggestion
Have you thought about taking a photography class?,,suggestion
Consider volunteering at a local charity.,,suggestion
Try meditating for a few minutes each day.,,suggestion
Take a break and go for a walk outside.,,suggestion
Consider organizing your workspace for better productivity.,,suggestion
Try learning a new language.,,suggestion
Start a journal to express your thoughts and feelings.,,suggestion
Consider attending a live music concert.,,suggestion
Try exploring a new hiking trail.,,suggestion
Consider joining a book club to meet new people with similar interests.,,suggestion
Start a small garden and grow your own herbs or vegetables.,,suggestion
Try practicing yoga for relaxation and stress relief.,,suggestion
Consider taking up painting or drawing as a creative outlet.,,suggestion
Try experimenting with new cooking recipes.,,suggestion
Consider starting a savings account for future goals.,,suggestion
Try exploring a new genre of music.,,suggestion
Consider taking a dance class for fun and exercise.,,suggestion
Start a gratitude journal to appreciate the positive aspects of your life.,,suggestion
Try attending a local community event or festival.,,suggestion
Consider taking a weekend getaway to a nearby city or town.,,suggestion
Try learning a new skill online through tutorials or courses.,,suggestion
Consider joining a sports team or recreational club.,,suggestion
Start a regular exercise routine for better physical health.,,suggestion
Try practicing mindfulness and being present in the moment.,,suggestion
Consider adopting a pet from a local shelter.,,suggestion
Try exploring a new hobby or interest.,,suggestion
Consider organizing a social gathering with friends or family.,,suggestion
Start a small home improvement project to enhance your living space.,,suggestion
Try volunteering at a local animal shelter or rescue organization.,,suggestion
Consider taking up cycling or biking as a form of exercise.,,suggestion
Try attending a theater or live performance.,,suggestion
Consider taking a cooking class to improve your culinary skills.,,suggestion
Start a new fitness challenge or goal.,,suggestion
Try learning to play a musical instrument.,,suggestion
Consider joining a local community service group.,,suggestion
Try attending a workshop or seminar on personal development.,,suggestion
Consider starting a blog or vlog to share your passions and interests.,,suggestion
Try exploring a new fashion style or trend.,,suggestion
Consider taking up photography as a creative hobby.,,suggestion
Start a regular meditation or mindfulness practice.,,suggestion
Try experimenting with different hairstyles or hair colors.,,suggestion
Consider joining a recreational sports league.,,suggestion
Try attending a motivational or inspirational seminar.,,suggestion
Consider taking up hiking or camping as a way to connect with nature.,,suggestion
Try exploring a new cuisine or cooking technique.,,suggestion
Consider starting a side business or freelance gig.,,suggestion
Try practicing relaxation techniques like deep breathing or visualization.,,suggestion
Consider joining a social or networking group related to your interests.,,suggestion
Try attending a comedy show or open mic night.,,suggestion
Consider taking up a new form of exercise like pilates or kickboxing.,,suggestion
Start a regular journaling practice for self-reflection and personal growth.,,suggestion
Try exploring a new genre of books or literature.,,suggestion
Consider joining a writing group or workshop to improve your writing skills.,,suggestion
Try attending a local art exhibition or gallery opening.,,suggestion
Consider taking up a martial arts class for self-defense and discipline.,,suggestion
Start a regular self-care routine to prioritize your well-being.,,suggestion
Try experimenting with different styles of art or crafts.,,suggestion
Consider joining a local theater group or acting class.,,suggestion
Try exploring a new genre of movies or films.,,suggestion
Consider taking up swimming or water sports for physical fitness.,,suggestion
Start a regular yoga or meditation practice for mental and emotional well-being.,,suggestion
Try attending a motivational or personal development retreat.,,suggestion
Consider joining a hiking or outdoor adventure club.,,suggestion
Try exploring a new form of dance or movement.,,suggestion
Consider taking up a team sport for social interaction and fitness.,,suggestion
Start a regular reading habit to expand your knowledge and imagination.,,suggestion
Try attending a music festival or live concert.,,suggestion
Consider joining a photography club or workshop to improve your skills.,,suggestion
Try exploring a new area of science or technology.,,suggestion
Consider taking up a martial arts class for discipline and self-defense.,,suggestion
Start a regular volunteering commitment for a cause you care about.,,suggestion
Try attending a meditation or mindfulness retreat.,,suggestion
Consider joining a writing group or workshop to enhance your writing abilities.,,suggestion
"Try exploring a new form of visual art, such as sculpture or pottery.",,suggestion
Consider taking up birdwatching or nature photography as a hobby.,,suggestion
Start a regular jogging or running routine for cardiovascular fitness.,,suggestion
Try attending a motivational or inspirational conference.,,suggestion
Consider joining a hiking or outdoor adventure group for nature exploration.,,suggestion
"Try exploring a new form of dance, such as salsa or hip-hop.",,suggestion
Consider taking up a team sport for camaraderie and physical activity.,,suggestion
Start a regular journaling practice for self-reflection and creativity.,,suggestion
Try attending a music festival or live performance.,,suggestion
Consider joining a photography club or workshop to improve your skills.,,suggestion
Try exploring a new area of science or technology.,,suggestion
Consider taking up a martial arts class for discipline and self-defense.,,suggestion
Start a regular volunteering commitment for a cause you care about.,,suggestion
